id,energy,valence,danceability
2H7PHVdQ3mXqEHXcvclTB0,0.73,0.625,0.866
4HIwL9ii9CcXpTOTzMq0MP,0.8320000000000001,0.166,0.381
5GZEeowhvSieFDiR8fQ2im,0.139,0.116,0.346
6HA97v4wEGQ5TUClRM0XLc,0.438,0.5870000000000001,0.466
47IWLfIKOKhFnz1FUEUIkE,0.932,0.445,0.419
67DOFCrkcQaLp5yhzF8Y8N,0.0475,0.172,0.394
79NmiFAgcXUIVDGfCWDdWF,0.0584,0.5529999999999999,0.504
4l2hnfUx0esSbITQa7iJt0,0.935,0.58,0.586
5rAxhWcgFng3s570sGO2F8,0.908,0.457,0.603
6QxTWEvzcJljVZaeTzuHF1,0.8759999999999999,0.299,0.331
1RvDsjCBDTES3lPiEGNNMY,0.7929999999999999,0.0398,0.349
6w0vhPaZBYjhrDobs3QE14,0.541,0.329,0.532
3TNNGjgOQ7O8vwAlvlD9Fg,0.333,0.0486,0.382
0P44AUPRzaIAHNWquN0fGR,0.991,0.7659999999999999,0.5429999999999999
2374M0fQpWi3dLnB54qaLX,0.373,0.732,0.6709999999999999
2XBc2jWnvPqNO2LebVtLaY,0.0337,0.3,0.456
4QdwsME04RG25KPHcPYoox,0.95,0.391,0.4920000000000001
0PqJ7LSknltqqMNqPDClNA,0.75,0.58,0.402
55CenVQ4alvDJ1PS8aYB0m,0.423,0.291,0.279
2rPJcL8gQauA2nBdRyNZZL,0.847,0.148,0.494
1XczdQt6RKNkEQfPqUsi3q,0.4270000000000001,0.158,0.189
4ZQdynvfiayhdoq5lcuCQ1,0.6890000000000001,0.23,0.429
6hZkQjIQBY7HAj4nzLUvdx,0.879,0.483,0.488
17Nk1aji6gd26vabky7fMi,0.982,0.583,0.429
3U4isOIWM3VvDubwSI3y7a,0.264,0.331,0.422
15bAMg00o4VdWmQrlkbfG3,0.816,0.5329999999999999,0.737
7kpa6MWRrPaF3b6C0DgioK,0.906,0.371,0.363
0suQ6B8Bsp0tFuCXx652Az,0.0576,0.359,0.391
4OWZLr2sLv7ueKPHV7JRNP,0.0121,0.118,0.391
6x6XKEUcCJGUACD4Xh7KuP,0.356,0.111,0.486
0L6lVIgGqVHnmR3BIy8GHa,0.462,0.189,0.463
5hXTMmVXz1Ablgu34BkTz1,0.195,0.315,0.693
6H0wgcQCOuLYqDuNhMW8KL,0.973,0.118,0.313
1SSAvErVyid5OXzmtGZKkg,0.86,0.249,0.664
4sPJgy0CksvmXp9jC0W4gv,0.8,0.357,0.388
305WCRhhS10XUcH6AEwZk6,0.953,0.537,0.613
72qlZsoVPpyFxVjL6GUuYI,0.8240000000000001,0.202,0.6940000000000001
2lJa0SY7vZpvJ7QDFanOuZ,0.871,0.8,0.696
6WdO6Ds95sLALCqCOfbDQh,0.147,0.238,0.535
42BtxDRqFTbE6Jb6rd9QOZ,0.035,0.0651,0.265
00ZtJgQax06A96l8sMcmlB,0.0943,0.109,0.346
4wzaTdhmBgpch7IXu3CskA,0.93,0.195,0.396
78W8wiUIlQ2SnWY9TVowKZ,0.865,0.595,0.4970000000000001
6MrVWgw16iHBGRntjRkGQq,0.0197,0.113,0.383
1qUaWLUot3Iik95S09cdSZ,0.352,0.275,0.512
7vCuaxRIKElwgjSAo5REkw,0.199,0.0744,0.401
2KSCegx6TosQQEgmhJKNQa,0.289,0.225,0.471
65w8nArxPq2EzOAhteymf0,0.443,0.265,0.399
6a9DN96EWRc56Lwl5YD7KL,0.00518,0.0381,0.408
6irNz2hSXvd2QJG0vXyBFR,0.968,0.505,0.541
08qO8i2K0Hxl0h8PIncyuH,0.384,0.0912,0.44
0AG2l0IboWNSwjUkMr2Aq7,0.155,0.0949,0.5720000000000001
2s25Z079T5KRzfqEQRMQQ4,0.52,0.339,0.732
4zhRVs7eqgdroy5E3kKEs2,0.892,0.599,0.531
199PI6mx1IFrDk8ZMtNTyX,0.11,0.173,0.321
2gMXnyrvIjhVBUZwvLZDMP,0.575,0.183,0.459
3iJxloILmOu2NIRZ0OGyui,0.6679999999999999,0.765,0.6659999999999999
6MLHg35rlksBc5OBcdZvJi,0.234,0.408,0.387
4VywXu6umkIQ2OS0m1I79y,0.347,0.659,0.868
0yBM8cOHjb6iiMI2eM8pIc,0.185,0.264,0.171
6B2jQL05apmJlDZtPIxD3R,0.701,0.168,0.769
6DzvC1VHpyTFfLBbAYBa7W,0.187,0.118,0.235
0e0hVla9NkILk2JWOwVCMW,0.522,0.0973,0.476
7ESnexsnylx85YfT6ZiSun,0.5489999999999999,0.32,0.407
6yTnvHRhUuuaoxy4dHzLGo,0.8640000000000001,0.5,0.5479999999999999
3TSZpRzSEKL1dFfpd1JDoF,0.68,0.346,0.612
1fMZR4DD2mE0iXginD9fOc,0.857,0.301,0.667
61XspFITuKmAlYdQacNCbF,0.938,0.584,0.438
2pfkaHd8arhESSxyJAou6g,0.268,0.057,0.441
5DP6ow4t5Mmfge0fMRhSJD,0.129,0.253,0.249
7zNT9GE070fYjnhx6TFWnQ,0.236,0.283,0.519
4nX11Rjdh7AuM8Ezb73m1R,0.902,0.135,0.603
3wcaYUOKVSEbmmGB43YGqf,0.944,0.551,0.627
5UaOg4eymp98fxKyx6SHmB,0.722,0.1669999999999999,0.443
4CFlaEtdgeu4mFmnUApAyl,0.0586,0.111,0.446
5OTdNMpl1EPr3tOLyyRIc3,0.66,0.425,0.775
1XZrMIHtCVJPqK29Mzm44G,0.847,0.459,0.537
1j45uvYWACNGDZ0jmKSTuP,0.345,0.113,0.621
1rJ1xX2XBC8nesYapeO6Av,0.877,0.6629999999999999,0.45
5q2hzGmdBeXEWuMOlOMOt2,0.037,0.103,0.612
7jqzZyJJLrpkRFYGpkqSK6,0.643,0.212,0.552
5BegkNkGXa6TUobnxy5LFL,0.957,0.937,0.6629999999999999
4Of7rzpRpV1mWRbhp5rAqG,0.308,0.361,0.736
4BggEwLhGfrbrl7JBhC8EC,0.8109999999999999,0.609,0.736
7AQKjpzLGVBKvTDyoJ7YVK,0.0313,0.182,0.31
63rva3TBizr6x1Yp5uwKfD,0.667,0.597,0.5539999999999999
44Co96UhNfnq258r2VybLE,0.271,0.0684,0.186
4CilIy3dA3P9Tq2NFqKEOX,0.774,0.448,0.435
6dB3Uad2TOaJcGKpM3zizO,0.426,0.0902,0.374
2106G7MY2XnVyqij2bJVGH,0.836,0.333,0.507
4WiiRw2PHMNQE0ad6y6GdD,0.938,0.607,0.614
2DlHlPMa4M17kufBvI2lEN,0.934,0.286,0.419
5OxyHotdy7y789r3UQcHAB,0.0582,0.0514,0.341
18cST7DK31Ab2rTH1POP6A,0.87,0.778,0.6990000000000001
6u1ymcw9MTK9mPGy8XdvEb,0.0754,0.0366,0.18
7bKMZYXVYzGMvnHiRDCmjy,0.136,0.0505,0.421
1LMVGL3030W3mGmRrd2hCm,0.935,0.51,0.607
2TFQPFUqRtgj1auq9b5PlR,0.24,0.0968,0.351
7kpZ9isu48poYKpaAb0wiR,0.144,0.0491,0.431
1q3AoLCoawd8Gpm9wP7sHi,0.421,0.787,0.941
6chZg1OMXz9VN3MQCr4cNf,0.6629999999999999,0.142,0.619
2dVvMXDWBY0U7VjCjOjVH9,0.39,0.133,0.5670000000000001
3jP962JoLAn9p4wCDdx4My,0.229,0.0562,0.305
5uzNa0SBGOe5pPnstWHMCt,0.615,0.812,0.466
0Yb5Kfpf3boElZNa61wPdJ,0.856,0.847,0.476
30ACOtgBj1PqZs1erzFZkU,0.139,0.106,0.198
261QAU5PAmYYv0KPr0vc49,0.677,0.551,0.696
7sTtHHrD0zDpmzQzH3zegz,0.292,0.43,0.455
4THgqBGsTYJcNcQWCV92AP,0.1369999999999999,0.0644,0.242
7GL2SOvJXs8QVLX0cUADeq,0.925,0.5670000000000001,0.825
1J1wnDwBjkFvDVOxNOLVjY,0.955,0.447,0.6859999999999999
0gj8zftpww3PXx8xea7Ygn,0.0302,0.237,0.635
1FXlhqcYaiw6KuUYtXdtAi,0.456,0.238,0.6890000000000001
1eK4KsyjAzr2xJ86Tj5SWa,0.932,0.698,0.5920000000000001
1vxw6aYJls2oq3gW0DujAo,0.5870000000000001,0.64,0.855
6LqbJXriVJyqJCd9jYoPqP,0.977,0.731,0.512
1ytTeSRAU6IRo2itVDwtPv,0.43,0.104,0.515
08Q4GyxnB8ak1ZwHnjwova,0.189,0.0755,0.542
0uESMJnrEKYnZoRbNTvmpB,0.695,0.4320000000000001,0.379
0gUAGl4nHShy1dzHikQKKU,0.0257,0.144,0.482
3WEdWvAScE1EcBfErseQnC,0.256,0.173,0.43
5lZyYNi8OfFWKiX1p9zDQP,0.231,0.0882,0.391
5Iy1wdO0tMaHwKnfFYtlel,0.267,0.166,0.494
7kMPC3vgXk3o9xUP3GWAJ0,0.4920000000000001,0.6659999999999999,0.639
4o9Kj7onklt6xbYl3jVArp,0.696,0.93,0.722
02WacdrRpm4zlP8H7X6bnQ,0.174,0.193,0.608
4O5GKVbnQ8U9BxYWu0hIug,0.98,0.643,0.555
1TQXIltqoZ5XXyfCbAeSQQ,0.327,0.381,0.629
43cElHKBLhVdsz0cPETPIj,0.407,0.17,0.516
10Nmj3JCNoMeBQ87uw5j8k,0.913,0.73,0.556
1OdpIb0nzhDcqwkiYp0O1u,0.475,0.453,0.642
36I7pi5g6XZJm3bcgqmLyE,0.359,0.348,0.6940000000000001
56ag77KIUFvxJhA1gdObsq,0.471,0.286,0.526
3JjeC1epY5y2Jysxn5FVCB,0.4970000000000001,0.065,0.485
5vymVJ2WUlLnMeQqrgwQx8,0.333,0.074,0.435
5AqPW3fH2H4ORBYTVwfHep,0.41,0.37,0.474
0FTDvOs2mzgHAqL31PBXO5,0.97,0.146,0.5870000000000001
0Zl6KnmirT1PeGZvAZY9T1,0.382,0.0455,0.532
63JP68VirmCXtWRoMTX8Xi,0.652,0.0724,0.379
27O9FuS1UIm6ZyLplgLQAH,0.9,0.286,0.296
0NnFglDnuZH6qKuvhZpB0r,0.0384,0.0708,0.27
5TvkWUGywzfVF5HQ9uySVF,0.531,0.0935,0.434
7zHrHnVSQwI95FGHewXDl8,0.894,0.415,0.604
5yzzy7Hevww3RDntQM5mG1,0.95,0.477,0.701
2reL9PAUza4PUtbjqW1fRf,0.478,0.318,0.545
4SXU3lUZ1eb4JWWbkQw43Y,0.632,0.88,0.6859999999999999
7hQJA50XrCWABAu5v6QZ4i,0.865,0.601,0.563
0A4PZuepTcIQVvA5m7R0M1,0.784,0.918,0.602
1LomCMl5wD3MPVlC6smUHe,0.789,0.348,0.604
4YMLW13PuuO7o3jkIWlKAs,0.544,0.856,0.831
6Nm8h73ycDG2saCnZV8poF,0.963,0.609,0.591
0DRvClQbN9znQ295sx76VC,0.622,0.425,0.511
157kvk58Qr04AiuDv2aQWd,0.202,0.0773,0.616
0fJFBbpUxTwjhh1ScBQjeX,0.804,0.972,0.754
61mWefnWQOLf90gepjOCb3,0.982,0.194,0.354
0s8OsDxW96cl290PcsI2mX,0.919,0.848,0.524
2SbIONplUQ0BvXyRgGDgCz,0.319,0.273,0.605
6AlzF33SOFB8vfrmABo0jV,0.907,0.238,0.653
7uI4m3uAKy2WWH1mJZAYzO,0.142,0.121,0.339
2k9N4caeCIJLOWwWwssrEM,0.256,0.357,0.772
7INi4pMPG4IE0Smx5y4KVf,0.6990000000000001,0.935,0.7490000000000001
5zfsg3FNA03fCUZzW2a9Fr,0.0963,0.0395,0.158
2id8E4WvczfKHB4LHI7Np3,0.828,0.636,0.59
6KuzTwyczjBp1C4f60Y5ID,0.24,0.1639999999999999,0.5529999999999999
2viJufnGlsjR1X51CEHpeg,0.926,0.574,0.602
4UmpEQtTlhBOxDPePaK8qR,0.503,0.5579999999999999,0.6509999999999999
6CY6TBcuh13KEk34pMnZA8,0.0147,0.0667,0.211
3eqyYjMYUHGlmtCP4C4iSX,0.99,0.397,0.5720000000000001
7JrSIPcfkWhDzxWII8Jz7V,0.256,0.191,0.32
0T3UHut7JmCi5jcgYiMawm,0.4970000000000001,0.25,0.444
7lSHfDPdyGdRyG234h5ToK,0.38,0.0558,0.464
5jkUfQV3wlplyoz0PUja09,0.547,0.962,0.631
4xxyCh7xkK30LVBO81poif,0.908,0.759,0.879
0sSxUKtpE11r5VVx1DIMww,0.476,0.186,0.282
7lL2lMWNtzOcf5HnEudNgn,0.619,0.774,0.813
2MlnLVsrTJmHmdpzJQcQ6w,0.974,0.353,0.639
2G7cxwbFSMneFgTMdnvICw,0.967,0.537,0.368
1ZMiCix7XSAbfAJlEZWMCp,0.267,0.0592,0.5670000000000001
6Zr0mt1HdVUwTEdMwqPXsC,0.255,0.134,0.332
1FunUekKzZ9Mgt3BMYCrfF,0.201,0.196,0.537
2F6FfZ4w8z3eJpSxPotVO5,0.769,0.17,0.468
3iGMErA58MMTYT1mBkUkRf,0.7509999999999999,0.246,0.7
4uqNn56KFQ7NtJ35xWZKvf,0.831,0.828,0.491
26AYR77170U49cMcXB7aRV,0.962,0.622,0.411
3mMd2MGvEIDAfMfvcb9wsC,0.11,0.347,0.416
0IvaKmBYBLVcdP0Ft8Dwik,0.411,0.125,0.579
3OjwAIOhan5AIGS2p6fJrt,0.161,0.357,0.474
0BEkkhhqcCNx6VLMtshOiT,0.135,0.155,0.42
71Znjl8mUrHfSg38OQU8bb,0.713,0.816,0.5870000000000001
0x4CFzoSdqVq5qTGgwZFuX,0.185,0.159,0.5
16A82OAjqWawjDM8K5HCdm,0.0517,0.13,0.428
43p1IlKF0PBgwkqzS2EdCk,0.912,0.5329999999999999,0.609
7hJZMJqFRlypzSlxC7Kn8n,0.202,0.086,0.205
06G5MnuMA3cLbNwjFs8zIS,0.138,0.138,0.2
69VbrwGah98lR7iuXkrk7e,0.498,0.418,0.614
0TEW7oRDKD2mjJQH507ni4,0.664,0.075,0.532
3DZ7DFolE5U2xEGIzFjeGo,0.161,0.0503,0.273
7d44sL4znFm5HZ6ltUVqbI,0.109,0.405,0.475
2T2EemW8X3GlKvJe1gxpBC,0.397,0.195,0.517
6s2T9kuNYNZKsG5Fa1LiDN,0.922,0.246,0.481
0aaTrekfgJgLiH00lnPKm7,0.667,0.288,0.64
4QlzkaRHtU8gAdwqjWmO8n,0.763,0.514,0.526
4ogyT8HqLV6IdCepscSkh3,0.8759999999999999,0.131,0.467
4nTeeVQnNghbWWo6k7oPrH,0.0246,0.174,0.352
55ux9bDGw3qTVfad3PxSTq,0.00811,0.0703,0.312
229MM2St7SnW43nT8ADlG8,0.957,0.52,0.534
4e7yuouxvWPbK1q2kVlgz8,0.942,0.726,0.478
7gb626DDDHoiuVAGZEnlJk,0.6,0.818,0.481
2Foc5Q5nqNiosCNqttzHof,0.8109999999999999,0.862,0.794
0nyrltZrQGAJMBZc1bYvuQ,0.664,0.8,0.883
3YQopTaSSgLSSuzYBZ9bLf,0.97,0.349,0.544
6mnYXjuK0CDzqem4eR5JGU,0.352,0.45,0.664
2No1A7ZuMaBGxz45jmA9Gw,0.16,0.0409,0.0789
45DElIx0dXqUH4A88yQFdE,0.992,0.374,0.242
08Hghm2hJpCxJux9YuhCG0,0.895,0.0353,0.547
0G3fbPbE1vGeABDEZF0jeG,0.657,0.893,0.87
2oF7FZHIJbzjeEXZ3D0Ku4,0.495,0.38,0.403
4VxaUj96W2jw9UOtKHu51p,0.457,0.187,0.484
5rLZGAZOstOC3fqhmGChvK,0.262,0.107,0.284
7ANhXB1OJBaTb7kDoAJRLq,0.00792,0.0621,0.5660000000000001
2bo6ZMPnFkWCd0VRTMwbcs,0.00656,0.0809,0.365
1TSpCeUusXyZ7FiaDuy3x1,0.0544,0.158,0.353
4kjbflfFCcNWkBGWvYBSxz,0.191,0.411,0.373
2UVLuddklEVak5PXgC7baA,0.8809999999999999,0.924,0.6940000000000001
3ktUAf5M4HiCt6n7Zb323H,0.7440000000000001,0.6940000000000001,0.845
7lUjs7bf1fjKI8HKhbNp6z,0.907,0.346,0.382
3EKKIR8be1kfAAwaz1fzyS,0.888,0.0715,0.59
3ekjqtjoDwy5YLuGtKoXDO,0.947,0.419,0.508
1qv9TWDpXh50DPLgWD4bnH,0.8079999999999999,0.726,0.635
1JO1xLtVc8mWhIoE3YaCL0,0.3670000000000001,0.588,0.584
2KK7OUblFkd7TT9TjWgW7z,0.251,0.18,0.276
2mPMFJvQ0v27gVqe5b6nDn,0.882,0.623,0.578
4QAUGy6k7c3IOAhgWz52r7,0.934,0.204,0.5720000000000001
0M6TLjxixptslrmQpWbRoR,0.4320000000000001,0.133,0.539
3vqt0fEt6I52ANHu7mAlIP,0.8540000000000001,0.618,0.535
6dGnYIeXmHdcikdzNNDMm2,0.54,0.394,0.557
2zYzyRzz6pRmhPzyfMEC8s,0.913,0.423,0.574
48H6uWuBYeeZUiXwb5f69K,0.935,0.455,0.421
3MOdqpj30w4Wk96bBwLJk9,0.92,0.182,0.502
7Ga9ZSdPAcQXQvd1ObVFpm,0.7340000000000001,0.401,0.5870000000000001
3Qsp2uAtcDCrrlknJtUPj8,0.932,0.337,0.544
5gNVTfD1L6QrPgOf0wFo0q,0.946,0.534,0.383
1dssHOp3HpaK9o5c0CL7xU,0.989,0.119,0.341
6RT3PxDEQOa7m6tK502DNa,0.675,0.8540000000000001,0.784
6ruBSXfnFc6raFDFm9YB3r,0.249,0.284,0.404
1V17xHHZgIgZ6H14rinHdi,0.882,0.347,0.6
1IB1GFSTgmeecjscmAJ0lW,0.835,0.371,0.584
2NRZo1Y3T6UaVCz1i8dMqm,0.454,0.388,0.439
2jpL7mFOMzRnbaSj790BfQ,0.253,0.0529,0.545
1OdYu7mDO94ydUvfZPaPvP,0.4,0.318,0.7140000000000001
2rx8InAMTVDeZdkLUWHDmA,0.52,0.654,0.389
33gVbwdqw7aRX0Y2zM7qm3,0.305,0.0389,0.52
6pGJTJaExyKwwXBmcoyVlY,0.921,0.351,0.211
1PiKcVhlmHPvL7IPjx9dJk,0.319,0.378,0.636
2ZSCy3P1QzpJySCWA6NRIU,0.852,0.867,0.768
6fBwVe6udYdnRqwqo06if8,0.75,0.639,0.731
07htwTiSZVnQfdl38siCIn,0.417,0.0708,0.67
7lRlq939cDG4SzWOF4VAnd,0.94,0.255,0.21
5FRWe0PkPj4CQ4fvibzTEh,0.356,0.0965,0.429
0KyPBZ6PAxzpcAobqxhaHu,0.569,0.265,0.5479999999999999
2jxfHzOYVLmGKejNRHvqoc,0.948,0.193,0.5760000000000001
0QurRfrHz1RGbdPpTx7lLV,0.202,0.142,0.575
3iiL6merNpFNX1bny9sfvM,0.34,0.449,0.4320000000000001
4sqIHHGPprOZNdW5zMx36p,0.00579,0.1369999999999999,0.387
7FORBAxm1qwuwbYo7Rtz42,0.221,0.089,0.479
2qoKkOBw3dAd8AlITOQ2Ca,0.504,0.67,0.503
5AciiCKJKTLKRrAPSrKQy5,0.214,0.0903,0.529
6mgKP4yo57GTSMc3fJlyWm,0.122,0.112,0.283
6okaxit4V1bU6yIVVsP836,0.884,0.82,0.435
1xHcapGIorRGVlBnWE7X4N,0.962,0.66,0.463
3GuzB4BEWq3bhZM8YydysZ,0.0028,0.151,0.266
1HTYYXCKpMWiHRd7qIb6ui,0.0987,0.0558,0.31
5d8pKJxoDlYX2SoFR6RCsm,0.6809999999999999,0.7070000000000001,0.705
4sP8BZIZKGVq6jHOSPF17A,0.119,0.249,0.365
07FUh3cxCPNQFIIp8aSWCy,0.111,0.179,0.487
6Xb5klX1nnSUxoh2AyZd54,0.89,0.9,0.674
3QP17SZh39ZVczQnopq9BE,0.235,0.0382,0.647
4L2K7JKseFCBoHMZEAszW0,0.155,0.0935,0.435
2gFBh7NnEfSeBoZZDB5d2C,0.179,0.183,0.463
0DVw5GHPCUImZ8VmRdlbmx,0.0154,0.244,0.578
64BirkPW9F4XgzoLAiOBCP,0.498,0.0592,0.475
5LAdBsIfjzAsusjc6WSLmH,0.975,0.911,0.653
62X7ld1sa8RHl4zRtSvfHf,0.249,0.111,0.5579999999999999
1ko2lVN0vKGUl9zrU0qSlT,0.488,0.624,0.8029999999999999
6vG1pcmNGdG6Vu62I9nLGL,0.226,0.173,0.348
1HdIqEOl9MxoJNsz33VOvW,0.1669999999999999,0.0491,0.19
4fItBSHKBcgKWixN1Idie5,0.231,0.0485,0.247
4Hhup3YZfajcC7O0DNbwCq,0.305,0.172,0.385
2dqq3YMX6nlJKXhrjY5W4J,0.526,0.257,0.47
59WN2psjkt1tyaxjspN8fp,0.833,0.6609999999999999,0.466
4eMoWR7Lughvru6Rn97uPi,0.493,0.574,0.526
3Uz3K1Ctq6MOIDqRddKHXo,0.277,0.309,0.376
62LJFaYihsdVrrkgUOJC05,0.271,0.742,0.898
3Jrf9MHZZWx3cXBeMkZWUu,0.847,0.97,0.8059999999999999
1wHkIswzW9zGCOLDBYbHFL,0.8240000000000001,0.667,0.696
6a8U8DihiuewRpRQ2OOCVU,0.019,0.157,0.534
4pWowM3xMkRYgHsIJDf61f,0.0807,0.0394,0.394
6iQ6AKHlGjQTrpZIqfOtyK,0.441,0.389,0.5589999999999999
7v3tuzPub1Qd490tiVddwF,0.5870000000000001,0.4,0.628
2h23bjG8B3bcD47HBu6bHG,0.88,0.961,0.72
4nZSgFwgYUOyWcBX61JY6j,0.408,0.308,0.515
0oB9964bp22Bmok0Dmxlzb,0.765,0.222,0.6579999999999999
13HVjjWUZFaWilh2QUJKsP,0.311,0.246,0.546
72rHjyz3i7K90Hk1eF1f0c,0.528,0.15,0.596
0QeI79sp1vS8L3JgpEO7mD,0.93,0.376,0.309
0vK80mtYypq4dAwQelZ2Dh,0.784,0.562,0.579
1C2JiKNMjv8FaZlrgwObBJ,0.189,0.0379,0.301
0dcKsPZVWa64MvnoCes49q,0.316,0.173,0.544
2shD8wlebq8fDg6ChqOPkC,0.812,0.146,0.741
5ABnK6bOqbsIRVsrc1UBOt,0.8759999999999999,0.797,0.775
38TXeCvUUqf3PeoPvnERV6,0.931,0.6729999999999999,0.591
1Qf07UNBIu1XolBnl7XTi8,0.96,0.0392,0.614
5QGNwI8U3o9mQg7RR3yOPj,0.191,0.0365,0.238
7zWQ9qz0vAK75QBTGLZ0Wb,0.574,0.225,0.54
7Ar4G7Ci11gpt6sfH9Cgz5,0.598,0.913,0.645
528rajP3OyhornDwrsQrt4,0.907,0.408,0.475
0bMcjygjhkTVB8T4r3xCde,0.101,0.242,0.383
1QTixxvaGxwe6GF8PBwAve,0.496,0.442,0.515
2ihCaVdNZmnHZWt0fvAM7B,0.757,0.417,0.457
29IRVQao62okE22TDamSnm,0.915,0.215,0.3670000000000001
4ytv5Yzyal3LzKyMjRXjse,0.59,0.212,0.46
3JbE6e17yvNdPggjPDrCyO,0.777,0.481,0.488
4gkoh2vAD57fGEITzteaUh,0.357,0.0388,0.489
6wGMLoEqD2k3RBXFHD0yUp,0.598,0.866,0.588
1uVk6S6Fpkrmji0iTpgKEC,0.121,0.0926,0.3670000000000001
1MwGbyzRmPXWABLIdW8tzG,0.669,0.414,0.387
0efOqjQkOgWPEZTzAZSB6j,0.373,0.123,0.575
5aFSzu0b7ccAYjTkbTNTsQ,0.446,0.213,0.383
7nC2EOpMnpDT2DkvniimSm,0.1,0.0676,0.389
5QlL4Rxjw3MQbx8Xvs75ts,0.591,0.303,0.448
4IMBnBRqm9RALmLrRqfMor,0.561,0.541,0.48
0ACACkoHUwgfgY5CxVIL4N,0.565,0.6920000000000001,0.693
0n2X57zaddr0ODIxUb64Sx,0.469,0.316,0.632
534nbCFk48DR1UQt2XlxSx,0.0145,0.5489999999999999,0.517
1iTzI4NSQNLIETWDJ1WNWi,0.875,0.156,0.15
5drK2kTE2mrUdV33iHWyrx,0.8440000000000001,0.155,0.465
56oqWZUaA8ZmHQCH3lCRI3,0.882,0.0653,0.5870000000000001
3RlwtjeKhemCfiPvwMFozS,0.154,0.0799,0.435
4iVWQTuwKG4JKtGOjx6T9V,0.521,0.148,0.49
6vxHp3CDNo0afgKGp2yi1E,0.816,0.7979999999999999,0.626
3SdkYA8frHe3BMZsPVPrRq,0.0283,0.119,0.369
4BntWROKZB5E0Y0K3LoHSQ,0.0838,0.0404,0.211
3bN4tg6rnNPy9GCkGhym4T,0.8079999999999999,0.8690000000000001,0.5770000000000001
6qTP59Amjny78Qd8zayuNW,0.98,0.179,0.614
11oVQ68B4PnVQHIY6svpXg,0.183,0.057,0.221
4sYNRSlV9pGInYcbsC18Jz,0.0185,0.147,0.312
3EQPb4sdkNPCHb6AMyUTXj,0.00643,0.16,0.6920000000000001
5Z8onMr6EW2eNDamrDoWi5,0.254,0.0909,0.244
5pTWpY8l7B1XcQnijEFGFj,0.71,0.845,0.795
5FXnCOAkMUAf4QIS56MRQL,0.0781,0.0796,0.522
7Ln0DgKSrDG0ALbtNwGeml,0.248,0.138,0.636
1EyctTkkGJVS3UYTuy8YZM,0.0595,0.0898,0.435
6CKu6K0xvozAgFlQq44Z56,0.217,0.0647,0.491
24PDuLZfLOKtAgh4axr36e,0.163,0.0501,0.449
0zNqfg3MpUGku4T6h2Pmab,0.3229999999999999,0.436,0.424
4ZYFWXoHCIdsdgUdOMK9fr,0.362,0.0964,0.0903
2RlgNHKcydI9sayD2Df2xp,0.338,0.477,0.388
5DiXcVovI0FcY2s0icWWUu,0.8170000000000001,0.726,0.578
6264zKFgXM13JuRBX4MMyD,0.826,0.341,0.328
6MM22AtXB7I5gfTErMF0mJ,0.0887,0.356,0.398
4LpOPF5RXZhS1GLzclhyaT,0.7659999999999999,0.453,0.594
7u5dBtASrtOuBTTZjJrvuJ,0.925,0.301,0.364
33iv3wnGMrrDugd7GBso1z,0.946,0.741,0.494
1HOMkjp0nHMaTnfAkslCQj,0.7,0.897,0.586
29pQasEiyy3Otgq55dzyTt,0.882,0.296,0.563
1Lq9ieTRd9TtXXBh5y63E6,0.56,0.414,0.665
2cRD4yq8e8wd6PxS0zhuW3,0.0181,0.16,0.378
4cLXtRF6cIFGcuid2OLyUU,0.723,0.412,0.6559999999999999
5vckEy9NZ6kirDU4UX4bVl,0.85,0.528,0.5870000000000001
5llPdGZJjJFJv9aL6ZaiLY,0.765,0.117,0.534
4zRkmGHVgGGnJMhemMXD6I,0.245,0.356,0.764
7D04SRPxcqHXjoK0YFPuAq,0.00129,0.13,0.428
6UBjSnyP1O5W5ndJoO9vUk,0.743,0.374,0.705
0kox8HaEK0EfeWcNVTOKTy,0.00977,0.13,0.211
2OAOS8qkuKu5Kd8TvA5BAA,0.494,0.136,0.268
7LgkgNtOYgWfSJsGgDXFop,0.967,0.134,0.541
0melIwOKh1JH4RjI1Is10w,0.583,0.67,0.509
73SpzrcaHk0RQPFP73vqVR,0.219,0.0517,0.38
1CLmFKW99S8eJrebO3GB04,0.4,0.433,0.581
46SWSNRB3oAAOu21Apj22z,0.178,0.442,0.877
3AtuVA6OJB7ZxBbMfA5qYx,0.0155,0.119,0.522
32dZxkZtsF5Vt3PrJQuV2i,0.346,0.23,0.479
7tx0NDsCViutjOyd1c4A28,0.721,0.267,0.68
08EI81e55Lcqg2ZelJOXcG,0.914,0.393,0.511
7Cia4WzapwjMr0NUQF8vf3,0.48,0.2,0.404
2jdeYpaoWR0VMIyKrgQMQE,0.014,0.144,0.187
5P8BZ67Vw2CUwAYi12yvYj,0.14,0.154,0.286
15VDHAMS4JCLziCjNkmQl1,0.306,0.201,0.44
2fgMzSoDaPrU4EYsrkAwVn,0.523,0.0697,0.284
0kDTkI3VN3LEObv3v3ehhY,0.93,0.3670000000000001,0.6609999999999999
0Ov2L3hgjc5TlxKuBpKOQK,0.897,0.183,0.62
5Q0VxlFh80F3LmbGnuDE4M,0.969,0.26,0.6809999999999999
61fUybL3XS40gcffnnNPoX,0.969,0.5379999999999999,0.4920000000000001
0yfd3MSq6JEsNxOzSLJR7g,0.178,0.0933,0.373
2ZaYFNn1YQuLSVdHhanr4Q,0.255,0.831,0.545
24CJS73HBvYtVguUZBnyAn,0.197,0.216,0.491
5bATh5zpKb6uauocsl0XRM,0.5589999999999999,0.0869,0.56
6jFX2sHOzh7tpIIOomlrqJ,0.404,0.4,0.438
46mPWQpvSFkXrr5nWoWW74,0.931,0.382,0.271
2Uk3uky365BBGidUpOtKvw,0.973,0.458,0.443
6wCsrMyI3DavGvodBx8A7h,0.742,0.6890000000000001,0.8640000000000001
13i7d4s5EkgOIDHdzM0R4w,0.799,0.502,0.328
6HrPFcVFz9wTBqqIrpJ8iB,0.0212,0.0631,0.2
7Cx3kiPstZOSKAqTe3LtEi,0.613,0.598,0.637
3SO0vfryYv381w1ImgWONG,0.919,0.773,0.44
59P1nrdEImkAKa1nyW9X2e,0.833,0.482,0.523
3hxqWxFfmbIYcrV0e7wSyL,0.0084599999999999,0.0638,0.25
1Vej0qeQ3ioKwpI6FUbRv1,0.939,0.6609999999999999,0.524
6VSmHLLvYAAkzrYFT3LloU,0.597,0.536,0.298
4IrzpCIP60bro2wkBq5dIi,0.0214,0.148,0.354
6nek1Nin9q48AVZcWs9e9D,0.585,0.203,0.449
6k1njNBYUIQgWJLG4ed26y,0.938,0.888,0.6459999999999999
4EVpdoFt3L6sAa4hivmWz9,0.639,0.5429999999999999,0.778
6FI69Qkt6C2yBTVLC8zq34,0.0601,0.0388,0.134
5b61rcrjF6JG7yq0RRaOLh,0.912,0.0765,0.636
6XRNCAnxJIB1p4RPdFVSq0,0.308,0.153,0.407
22KKy6ftT0i4nyGNCbwc1B,0.122,0.214,0.319
4QNjuUkLHj47tEXgA6TFc3,0.00332,0.17,0.274
1qlVrqeX158nz91Z72lzaa,0.0499,0.153,0.356
3L47u91Y7YIGPpLPBrulh0,0.356,0.525,0.736
1XtkmIXg2o5SqOrNI8Szvk,0.25,0.0827,0.261
1gIZhNdfbkGJ2iyOZJmW9O,0.0604,0.113,0.5489999999999999
0nL2bTth1UVQHWDDumMm3f,0.0567,0.0391,0.118
7mQwxVogsnpR3h6AJLQLlR,0.912,0.6659999999999999,0.364
04mlpyRplis2yvf18EwaeN,0.97,0.4270000000000001,0.512
1OvDGGu8KDbchlJTlM48Mr,0.895,0.875,0.544
4NFa9tjhONF6lnu4SRbfG9,0.0879,0.308,0.376
3wTyLh0vhP3dN5yv0Mti17,0.977,0.351,0.198
1QmdL4qnNkm8FDuseRMf21,0.0846,0.118,0.306
2R7BzSG2pPB99uJbU3lLmK,0.0407,0.043,0.134
6CaQoqHFR0naK53v3jNGUT,0.272,0.5329999999999999,0.461
02QoKc20zzH9A8mf25NfPq,0.292,0.0633,0.616
7f2d3p6nzGFR6874f0E7E7,0.863,0.4370000000000001,0.708
5mqEL5pgnDCcWtTWpAofIV,0.85,0.715,0.62
7w87IxuO7BDcJ3YUqCyMTT,0.71,0.965,0.733
2mJhNvt2dDCfcNn8IZg6sF,0.541,0.191,0.299
5uTfZTuLLGbq1qFYwzg7jX,0.068,0.241,0.374
1OArWxrw689jZXaJzSErbh,0.0792,0.106,0.321
7sBlA4bK7gpf2H42K6Y0H3,0.0624,0.0738,0.594
13SBuUaDElB4vowkW6nQxk,0.102,0.1689999999999999,0.315
3sqyZAk7dUY3U4ApoJcRzJ,0.836,0.0741,0.6509999999999999
55VX26X342cWBM7akigws7,0.0322,0.0614,0.416
1vNfYCzcCJz0FY7MVVA9lM,0.126,0.439,0.552
591vJuuep0gfPhx9p8WPD5,0.978,0.268,0.45
288oxP29Qe5FikFIc1b1Gd,0.0755,0.119,0.157
13iMiwdY7pgE1f7NwYKr1D,0.229,0.42,0.593
5YBVDvTSSSiqv7KZDeUlXA,0.908,0.769,0.6509999999999999
7DP18u679fMurjsUxuxMHu,0.7390000000000001,0.235,0.494
58Z8R4KZPbfTc6KVYZLwTb,0.293,0.197,0.368
1sPC2IR2UwzYUrItFRE1H3,0.327,0.0399,0.597
3LmiKN6q3OwFD3sV8rhkk2,0.994,0.35,0.625
24fghf9YPlSHoWKNHign8p,0.784,0.216,0.501
2mXnsGgq0K4qfcYmw0rccK,0.317,0.0596,0.304
1UmFRZU3taMGZApPhK32mc,0.177,0.236,0.648
3gdewACMIVMEWVbyb8O9sY,0.532,0.341,0.601
7Ky78y9gxAKlujRin3vzZf,0.644,0.464,0.716
6bUNEbXT7HovLW6BgPCBsb,0.708,0.509,0.7509999999999999
0tzWCL2uhb2xQDWgG259nU,0.858,0.616,0.431
18IyalmZGqUTwvZStMf7A1,0.789,0.7170000000000001,0.609
5YlHgqWo3Kt2mF88ubmR62,0.179,0.391,0.604
2aoxz8c3bHyDrZBhTKnTXh,0.0706,0.0877,0.35
6KjTXwntv8paBCL3El9TnV,0.659,0.149,0.275
7p5HBV5kqLgw0vK0lQ7eXM,0.988,0.514,0.401
2bbhyUWJ5VjdfI3P4PRLu2,0.193,0.184,0.49
0rDXZpaDpGMbT8ON1DxEtT,0.385,0.212,0.526
3asFGFY3uLjMDmML1p0tYm,0.931,0.467,0.339
0fcGdkaMVaJtPuYLB6bXRx,0.979,0.195,0.362
07EmFV0AOKNsbtNonzmMJj,0.073,0.0668,0.438
3PGYOWmCia5R4iLRnGHwyf,0.748,0.476,0.743
2GXOmuU3kApsq2TWqOU5Bm,0.979,0.091,0.6459999999999999
6hs3SDnbO3f6VQuPO4KBEb,0.6809999999999999,0.745,0.5
3m6KkYKdnbffMpGd9Pm9FP,0.466,0.303,0.745
6dZO9UMcM7c1YLDBpEHwED,0.255,0.483,0.9
2UaXTR0Xv4SCDQ6wIlVNxC,0.0203,0.337,0.619
0KN1zd8K3MTPQyix892mCf,0.216,0.179,0.455
6DzbmjkVZpz1mrDobAoJI8,0.784,0.385,0.263
6YbVddGFPcfOVJrxhUusbV,0.873,0.285,0.428
5I6y1KWmUoV5YCaIEcs1qs,0.172,0.297,0.5710000000000001
3v8PlUFGQQDBIk1J86waCo,0.8440000000000001,0.85,0.742
4riNlzZh1Xd4xqbIWy7zfM,0.469,0.535,0.445
4w7vMUyVony198G1c79PSq,0.106,0.108,0.317
70HWRkitkAKfos500LBk0T,0.402,0.598,0.631
5Hd6DPGjqihEnWSiGRzqr6,0.0646,0.334,0.684
0b6iQfSLnYGz5VCzwndLz9,0.147,0.1669999999999999,0.395
1uGXhKyK50NIXNqBKN73DS,0.705,0.34,0.71
1NyFRrFiJAJIaR6icj1goI,0.256,0.103,0.5920000000000001
7C0naD1GsrGZTKGMbg7m7I,0.596,0.207,0.55
0ewX9JsKy9oa4IifkFSroa,0.0657,0.105,0.423
79z9QkhHePTFsSeVw9uyj0,0.639,0.733,0.632
2T3blUc9Jnui2a0ZhuNOag,0.966,0.8740000000000001,0.653
51USOvxeXLH3EvL3RwWJp7,0.0747,0.175,0.4370000000000001
21UkknmSYISvDaQbaMIOgq,0.0311,0.0634,0.342
0vicQm86o7GnT42GdG34sA,0.482,0.0776,0.246
5riuN21I50r717iOmCJ7Kr,0.88,0.312,0.67
1qDrWA6lyx8cLECdZE7TV7,0.521,0.748,0.865
5zOetBDO9NONS4KnIBXtnx,0.5710000000000001,0.115,0.5720000000000001
6QPKYGnAW9QozVz2dSWqRg,0.321,0.288,0.5539999999999999
2GkPTpFLY0NG8jrAHPoSnn,0.794,0.389,0.655
1EwyAL8SdJpIX0M9b1ArAp,0.305,0.584,0.472
1mc5ECVjhFQUMzdsvX9gwf,0.337,0.0374,0.272
0hx6wJdPlMpT254F9UYQNu,0.15,0.0785,0.371
4GQVsXO7jkxg43UmAd1Tbb,0.887,0.336,0.501
7fqhrLJzKHJ0RW32N0y2Gp,0.606,0.5820000000000001,0.537
7HKez549fwJQDzx3zLjHKC,0.932,0.971,0.631
0Uon5NsSAkBDx69XYOaQ5P,0.37,0.433,0.618
69vYa2LVWv1TXvNIVNlJA1,0.8390000000000001,0.269,0.4320000000000001
5NRWr6U9kBI3NP7Hr7fyy8,0.174,0.362,0.234
12nlJypOUmAV4VQxFvfAw1,0.0305,0.0835,0.382
2VAlwOewe5c40VHyqozF1V,0.605,0.56,0.534
3Y6wj6dRP3QmgXeV2zCzbn,0.912,0.7290000000000001,0.65
1yERtbTiF9fKGxaelyLJOA,0.332,0.515,0.615
7oXWUVH2t0UR11AvhhY8GQ,0.382,0.197,0.444
3JjPOBCCKmvtgSsVIDqFDl,0.8640000000000001,0.161,0.5479999999999999
0YXPmthF2oHLQCYIGkSrZy,0.0229,0.148,0.308
265poZGWCyWo6h5tq7kiA6,0.7709999999999999,0.419,0.376
4VGUcTzWj0ebZ0UgI9irJL,0.969,0.29,0.404
1b7LMtXCXGc2EwOIplI35z,0.564,0.961,0.795
54cWVWqgyFukgDKQYmaKM3,0.939,0.422,0.597
7vcuTZAFyu0Z5dgMRLR0h0,0.275,0.552,0.61
0MaUnKwsHKRj4qjLDuBG66,0.79,0.39,0.149
4A6C6K8c8IukPda2f0rI8J,0.0515,0.214,0.564
1B96GJer0xmo0t9rZg5V4c,0.0281,0.157,0.496
66epoq09V61hukB4Sdm3Q4,0.599,0.189,0.491
1Cfws8y490Zpsqsyeme6V1,0.861,0.315,0.6990000000000001
2yNeqUczAqpKSo8vFF00CR,0.499,0.335,0.379
2K1OMOjqHBoJf3NT4J6meQ,0.352,0.655,0.588
2d0UsAbvuAiCyR4oV6fiOq,0.923,0.13,0.34
4dwrL3Z5U2RZ6MZiKE2PgL,0.7509999999999999,0.863,0.648
0ecC8p17cDNlxHXkuYqeR6,0.448,0.077,0.39
2OUR8g12h5qsGDs1v5lqvp,0.964,0.3720000000000001,0.457
2L93hpsnJ8scBHIQFZzh1b,0.823,0.405,0.506
2WfaOiMkCvy7F5fcp2zZ8L,0.902,0.8759999999999999,0.573
4iKSrwTBu0vLSqmZUXSGXr,0.32,0.0694,0.44
7fRvtXvJMpGfTLdF0M09a1,0.967,0.977,0.72
60tHXabTlAhzlkXRDWl9cp,0.471,0.261,0.55
1ZekzmhuM380sFcUZePjmL,0.463,0.17,0.612
5HiKQLlJ3LAuz8J9yHB0HX,0.693,0.966,0.879
1kdiiFGX1Htx0aVZYaDwEJ,0.926,0.262,0.212
25FTMokYEbEWHEdss5JLZS,0.85,0.633,0.625
5Vh9sUjTiivWtvKmif40wy,0.0997,0.123,0.233
3AfZWVkAf2ipi68BMVvfwq,0.555,0.247,0.425
0BpKPyXhWsTaWkgXeOd1Sn,0.977,0.413,0.486
2vBF8A6n0REigm7RSUM65S,0.286,0.366,0.626
2iAq1y8jEVOQM6OA8L0XtO,0.7120000000000001,0.773,0.319
65IP0rTvP6hFkIUNODG2VK,0.425,0.19,0.6609999999999999
2IXJyG1DX93g2EhFXghz37,0.00338,0.347,0.303
12oa6kHYN9FamPdcpSM54i,0.218,0.361,0.775
62uEGHla1SOT2rhVAyMn6K,0.4270000000000001,0.132,0.627
5NKK0t7lYlyDsT5auDYKmq,0.127,0.0354,0.414
3XnQ3OqmfvP5Sh6gACEKnG,0.0363,0.0481,0.235
0W4RUo3m0jL0wHADS0PLme,0.0845,0.0795,0.41
4Ao5JXfOIMJGlVo8sJpjFr,0.769,0.118,0.316
4IUfRZY8k9MHRsStnjMTUb,0.299,0.423,0.7090000000000001
5vVwPth7ccUHil5wsUG7ky,0.515,0.5489999999999999,0.6920000000000001
2iyriVrfEXWD7YRfPqub7l,0.956,0.5529999999999999,0.343
60Rodg2E5ghUbYBrBFr0TA,0.901,0.5770000000000001,0.478
7AaSbMyCeUxcGsvCmzmfEJ,0.753,0.399,0.436
1bp2IO61zbQrbWNmKKxg3f,0.448,0.7959999999999999,0.596
40UbcJWyWPqOWFvv4Dpvfc,0.726,0.292,0.655
3oLJlBI7OveRtPOuMe4oaM,0.695,0.343,0.64
1igVdCr2mrzwu2lHxUbJWn,0.546,0.305,0.376
6mORGLOz79w6VsCRLWYYuK,0.369,0.0989,0.443
6lUDMNgZEaXVprnVgoprfT,0.0434,0.0823,0.506
5O4NFbDqJ8SOfbjnIhdPDt,0.8809999999999999,0.62,0.524
2plPRo1J2A2erccAh1eJMB,0.00961,0.0916,0.334
5g5dwJD6zwXG81LRdEsnQr,0.524,0.229,0.5489999999999999
1c6aKOdOoR1TFqn0JTyc4R,0.195,0.14,0.216
0Qp1IH1EkRCNabfgzxNMUT,0.91,0.536,0.682
4Qv71lFPCObf7zol1uWCJb,0.8440000000000001,0.7120000000000001,0.5329999999999999
0QevFRZ5eiXah4VZWeviK4,0.655,0.283,0.537
3N2vr4m44BBZiVCZ0O4bnf,0.293,0.36,0.67
7sJm369JitaQLnkymEMe7f,0.0589,0.0378,0.258
5fw57RymBIg7ys4M8tWJ5H,0.487,0.209,0.516
5hdAQegqnitMjNacfLOHQd,0.8420000000000001,0.175,0.7020000000000001
4CYsf9MUjowxTMTVT39hTL,0.0761,0.262,0.695
2ENH05Q7PkilEF6WujXNjG,0.289,0.156,0.502
28nLvoHu6NbkHNPmoxR8uD,0.1369999999999999,0.0687,0.467
54KFQB6N4pn926IUUYZGzK,0.122,0.0735,0.264
41bqxcnDRcYsBJnJKtPCdp,0.101,0.0866,0.327
65AABj5XsDcxGT92w3jK0o,0.352,0.85,0.703
6TcYEIp0uV6lxkmt4FCqf5,0.0809,0.0604,0.325
34ccBqL3xNaCzPxr0UqoEw,0.98,0.37,0.555
3PJikMV2xGNCooQttQrAw5,0.466,0.19,0.443
3rRL23xxAPJ75K3wGBKZIO,0.272,0.38,0.42
2SDxYHBST2s6dGodsgnNbM,0.0717,0.206,0.282
06qUEhhx6jKQmhj2qAkn4H,0.0587,0.342,0.561
5ewE85NIsYxn02MhetYKqs,0.0077,0.0728,0.351
6dL46HEj2hzaSach8EFyCi,0.8809999999999999,0.625,0.319
2GuchYit1FmdtXTxl6SbUE,0.0214,0.0703,0.3229999999999999
5ZBeML7Lf3FMEVviTyvi8l,0.8490000000000001,0.937,0.482
4ePP9So5xRzspjLFVVbj90,0.912,0.836,0.5429999999999999
0DZfBeJhOPyjhqoaTkE3kZ,0.613,0.745,0.623
0XiivUyimrmkUyJkKiILPW,0.988,0.489,0.414
0Y41ZfnVaNRQp9dQiagwbC,0.263,0.105,0.494
7ku9ctunOcfqWP6z04QTRY,0.857,0.124,0.627
6kyxQuFD38mo4S3urD2Wkw,0.279,0.162,0.487
27BMhzmPptTnpra962NgQh,0.957,0.281,0.643
0VrJzyZPEkz3VliJoU3w6A,0.134,0.171,0.623
4rXDPFpzMyUIdEpNWiwzYV,0.3,0.0877,0.186
7dx3zyB8aQHd2LQm0u1lwS,0.8759999999999999,0.741,0.5489999999999999
4VqPOruhp5EdPBeR92t6lQ,0.905,0.411,0.602
0p44zFo2S1c50vmx0B7mPF,0.0394,0.0754,0.201
5gDZbPycrRPF5mC4voMg89,0.7879999999999999,0.647,0.545
3IOXceWmoCrTyl5TXFDzWu,0.253,0.125,0.32
6eTQcsb7NrdgPIZAHchT9k,0.0518,0.39,0.366
0i6KOje3rNRSNPw0vy803g,0.975,0.254,0.52
4EvAP7MWnjDMkADXXEuF5t,0.851,0.241,0.357
0fBSs3fRoh1yJcne77fdu9,0.249,0.181,0.236
7o7E1nrHWncYY7PY94gCiX,0.6779999999999999,0.251,0.68
0dCr3qIupWh36ilLjRHi4P,0.946,0.508,0.6509999999999999
5S6pYZD8WH3OQapDHTDM9M,0.619,0.416,0.485
47H4oc7Zkihwae7ST7F4zp,0.983,0.469,0.589
6laq4MxNrh2ZKZGLhB7G0V,0.7390000000000001,0.0652,0.465
7eClkLWbrr3TorYedzaDkI,0.33,0.0827,0.236
27YP211Rr8RezhiFVDLFI8,0.887,0.336,0.507
5imShWWzwqfAJ9gXFpGAQh,0.7559999999999999,0.6629999999999999,0.5770000000000001
1CIIzFfELXMwLyKaGdpTul,0.0564,0.0361,0.162
3h1in20DlO5KaSP1vLED90,0.8059999999999999,0.721,0.6409999999999999
6AKWOVOJ81OQfsgxZbJ6QN,0.987,0.272,0.485
18HZyQSQdmtxv5i9YSHJTw,0.0191,0.243,0.495
7rpGOF9MwCP2Oaz9yDO452,0.12,0.0659,0.465
1sVIrkPZob1Ul6aIqy8n8z,0.226,0.0388,0.234
60kgQtJNMGRaFfzwy18XUY,0.102,0.595,0.6559999999999999
1BEljQOZPNNjsC3nfIAHxS,0.229,0.0525,0.481
49ErwcBYfYRPNBdRuPvpYA,0.97,0.507,0.615
3QeaXGKRvt8cfHdrfdk5pL,0.5770000000000001,0.447,0.387
42GP0xKtkolBnmqQRvSllO,0.951,0.158,0.442
13PUJCvdTSCT1dn70tlGdm,0.537,0.394,0.601
6NdcSEhpGGAYXNnnhGS2s6,0.915,0.92,0.542
0joCizO7Hg4JxL3o9mRAKA,0.149,0.0655,0.322
3L0fPX8biELkH57fF3Exkd,0.456,0.0682,0.256
6OBl3esnGuz8PllwDWinWS,0.0957,0.259,0.542
0w9rKPt8242huJZKFA1zGX,0.0167,0.259,0.461
100jBpD7nuiMriR7ErXQ9S,0.378,0.193,0.501
1uu52K2fxY7Hl4LQ8AtTyY,0.0853,0.113,0.56
4pODZqgdj6Iwci7jruY5xf,0.848,0.154,0.6509999999999999
4Hi0t9QQODb9k3aSM8SFb6,0.0442,0.182,0.423
77gY3WsOnEsq9JOWgBmdLj,0.972,0.532,0.511
0BvlCuNiWLE78NiZCiUxM7,0.88,0.485,0.336
1FoMWISq2KNqKappkrG5Yo,0.8959999999999999,0.506,0.6559999999999999
7LF1XX9NNuvFtrRliJSEoh,0.0835,0.265,0.574
2WuNoTD5hLhu1yVgMarTFq,0.18,0.038,0.498
413T0g8pNNXYX6t5RqHvx7,0.7140000000000001,0.962,0.7759999999999999
2urxHALnoeVxG82o57q0ny,0.233,0.0378,0.213
2Fgo49RzWsVWKcwAksPWq8,0.867,0.12,0.526
6UesrqZXshkMjY07kVnlkU,0.168,0.0376,0.425
2F4iGuSSSRWpYCeWN4SoRr,0.179,0.562,0.79
1kAkUHFb7ryeVkVSRD6Nkj,0.304,0.185,0.732
1wHSxWBfPr3GO31y8KGrWe,0.262,0.375,0.481
4wIBISN9EpHsQI90SbLhad,0.536,0.486,0.445
4qguRyO5RJexa48AuRwkLZ,0.95,0.479,0.523
3BuuxHhwQ4AQvDA9dzvSry,0.0355,0.22,0.38
3UaStdVN7y9A6ktTmkFDTk,0.759,0.235,0.591
79RUMZfMNMpqZnswovvTqv,0.8440000000000001,0.459,0.412
1z7GhYG0KqAmebdLfuoYho,0.177,0.132,0.516
12nUGGcjJgQYkGawzk0rJp,0.347,0.16,0.124
3JqpIjrQfmW68YkpxXWPL4,0.862,0.438,0.631
4ctEt5qumxA8RuzdeQagkk,0.363,0.261,0.482
6uUqBB6wXrcIJWssTRfIYE,0.6709999999999999,0.955,0.6629999999999999
1j56M8iOGH48yuKqj64qGK,0.591,0.0774,0.445
4t2XUVB63KvQWeAlAaaqAz,0.039,0.389,0.392
6Nl2wvFyKjiyPKrhE4Rth1,0.775,0.454,0.6859999999999999
32lF1rsInDTdK6Av3KdfaY,0.901,0.7440000000000001,0.621
5BIWF6L3DnPkcuEuZmLHDz,0.419,0.0613,0.291
7oypoJJHZOALqQlGKpTefk,0.877,0.611,0.547
4vEXJ6NvEwS8ptynkNswaa,0.7609999999999999,0.5760000000000001,0.518
6Ij1Soe86rp6D9YsxwCz9N,0.193,0.159,0.634
1JDMO4EVPHtm0xXhJb2IjR,0.477,0.488,0.588
5ZCW5CDwhfXJGL2MzxGwhx,0.314,0.0883,0.561
7pt64sepCy5QmDrgy9wOJS,0.258,0.173,0.725
0JsYp2UosjQpePYbHCvXWZ,0.233,0.1639999999999999,0.235
18uwL0vNUanqZH0ro2QcOP,0.178,0.608,0.795
1elEZGOMFRU5n7bnOtUaqi,0.3720000000000001,0.76,0.763
58qX77t2VWMWcycsh9zKLc,0.359,0.488,0.535
0u2P5u6lvoDfwTYjAADbn4,0.296,0.12,0.351
1yJXNOEP2bq1N1691n37oS,0.157,0.0698,0.609
3KKUf8F2hktFscLgbH4YwR,0.462,0.8170000000000001,0.778
4NVwMupCTfITPXetR5aozp,0.355,0.453,0.51
7l4b5JYnl1WwUfvJgKmUwr,0.259,0.0403,0.259
3n2QaRyg5nTg5Cwwq5mw3Q,0.03,0.15,0.604
43zdsphuZLzwA9k4DJhU0I,0.111,0.198,0.3670000000000001
59VApBbrS2IADQk4ml5mdo,0.236,0.146,0.402
4D3nttJPU6L0M2epr7sId6,0.515,0.191,0.452
45bE4HXI0AwGZXfZtMp8JR,0.374,0.0799,0.642
4CxFN5zON70B3VOPBYbd6P,0.0848,0.206,0.561
2irbT1BSYaIEF44PlyKaoM,0.0156,0.0804,0.377
